step,date,action,reward,net_worth,drawdown,position,position_entry_price,position_size,trade_pnl,current_price
480,2025-07-09 10:30:00,0,-0.7519999999999527,9999.6,0.3999999999996362,1,108845.0,1000.0,-0.3999999761581421,108845.0
481,2025-07-09 10:45:00,2,0.0223253250034758,9999.823253250035,0.3999999999996362,1,108845.0,1000.0,-0.1767467409372329,108869.3
482,2025-07-09 11:00:00,2,0.1151222380450053,10000.696054021775,0.3999999999996362,1,108845.0,1000.0,0.6960539817810059,108964.3
483,2025-07-09 11:15:00,2,0.0406449538333617,10000.986375120585,0.3999999999996362,1,108845.0,1000.0,0.986375093460083,108995.9
484,2025-07-09 11:30:00,1,-0.2250245762323174,10000.736129358262,0.3999999999996362,0,108845.0,1000.0,0.74,109012.2
485,2025-07-09 11:45:00,0,-0.7475112007423741,10000.336099913087,0.6502752074975433,1,109018.9,1000.0736129358262,-0.4000294506549835,109018.9
486,2025-07-09 12:00:00,2,0.401267461243624,10003.388088981255,0.6502752074975433,1,109018.9,1000.0736129358262,2.6519594192504883,109351.6
487,2025-07-09 12:15:00,2,0.1618187170498277,10004.543936960185,0.6502752074975433,1,109018.9,1000.0736129358262,3.807807445526123,109477.6
488,2025-07-09 12:30:00,2,-0.0413720189282685,10004.1302167709,0.6502752074975433,1,109018.9,1000.0736129358262,3.394087553024292,109432.5
489,2025-07-09 12:45:00,2,-0.1525846650820858,10002.901898958373,1.6420380018098513,1,109018.9,1000.0736129358262,2.165769577026367,109298.6
490,2025-07-09 13:00:00,2,0.4064181655429638,10006.274039569911,1.6420380018098513,1,109018.9,1000.0736129358262,5.537909984588623,109666.2
491,2025-07-09 13:15:00,1,-0.2011845120141515,10004.76219444977,1.6420380018098513,0,109018.9,1000.0736129358262,4.03,109545.0
492,2025-07-09 13:30:00,0,0.1018810230388226,10004.362003961993,1.9120356079201883,1,109412.8,1000.476219444977,-0.4001904726028442,109412.8
493,2025-07-09 13:45:00,2,-0.3190542262777853,10001.907740682933,4.366298886980076,1,109412.8,1000.476219444977,-2.854453563690185,109144.4
494,2025-07-09 14:00:00,2,0.0695862278451386,10002.603602961382,4.366298886980076,1,109412.8,1000.476219444977,-2.1585915088653564,109220.5
495,2025-07-09 14:15:00,2,-0.3954161958880285,9999.40135631337,6.872683256540768,1,109412.8,1000.476219444977,-5.360837936401367,108870.3
496,2025-07-09 14:30:00,2,-0.2537931345389915,9997.4491014323,8.824938137609934,1,109412.8,1000.476219444977,-7.3130927085876465,108656.8
497,2025-07-09 14:45:00,2,0.165781643999071,9999.106917872292,8.824938137609934,1,109412.8,1000.476219444977,-5.655276298522949,108838.1
498,2025-07-09 15:00:00,2,-0.0705006329417301,9998.401911542876,8.824938137609934,1,109412.8,1000.476219444977,-6.3602824211120605,108761.0
499,2025-07-09 15:15:00,1,0.0645154125339104,9999.547065668214,8.824938137609934,0,109412.8,1000.476219444977,-5.22,108930.0
500,2025-07-09 15:30:00,0,0.310001811737311,9999.147083785589,8.824938137609934,1,108809.9,999.9547065668214,-0.3999819159507751,108809.9
501,2025-07-09 15:45:00,2,0.1837984791029157,10000.985068576616,8.824938137609934,1,108809.9,999.9547065668214,1.4380029439926147,109009.9
502,2025-07-09 16:00:00,2,0.064237568446515,10001.62744426108,8.824938137609934,1,108809.9,999.9547065668214,2.080378770828247,109079.8
503,2025-07-09 16:15:00,2,0.0673621425912642,10002.301065686994,8.824938137609934,1,108809.9,999.9547065668214,2.753999948501587,109153.1
504,2025-07-09 16:30:00,2,0.0930020304260324,10003.231085991254,8.824938137609934,1,108809.9,999.9547065668214,3.6840202808380127,109254.3
505,2025-07-09 16:45:00,2,0.0879475722507777,10004.110561713762,8.824938137609934,1,108809.9,999.9547065668214,4.563495635986328,109350.0
506,2025-07-09 17:00:00,2,-0.1332538973496412,10002.778022740264,8.824938137609934,1,108809.9,999.9547065668214,3.23095703125,109205.0
507,2025-07-09 17:15:00,2,-0.1259019581853863,10001.519003158412,8.824938137609934,1,108809.9,999.9547065668214,1.9719375371932983,109068.0
508,2025-07-09 17:30:00,2,0.0248127946788372,10001.7671311052,8.824938137609934,1,108809.9,999.9547065668214,2.220065355300904,109095.0
509,2025-07-09 17:45:00,2,0.0102008155901785,10001.869139261102,8.824938137609934,1,108809.9,999.9547065668214,2.3220736980438232,109106.1
510,2025-07-09 18:00:00,2,0.2894826045871014,10004.763965306973,8.824938137609934,1,108809.9,999.9547065668214,5.216899394989014,109421.1
511,2025-07-09 18:15:00,2,0.0663512509561769,10005.427477816536,8.824938137609934,1,108809.9,999.9547065668214,5.880411624908447,109493.3
512,2025-07-09 18:30:00,2,-0.1338052927869285,10004.089424888663,8.824938137609934,1,108809.9,999.9547065668214,4.542359352111816,109347.7
513,2025-07-09 18:45:00,2,0.1315078117981102,10005.404503006646,8.824938137609934,1,108809.9,999.9547065668214,5.857437610626221,109490.8
514,2025-07-09 19:00:00,2,0.137106875126301,10006.632276847053,8.824938137609934,1,108809.9,999.9547065668214,7.08521032333374,109624.4
515,2025-07-09 19:15:00,2,0.8703776977915914,10012.849260402709,8.824938137609934,1,108809.9,999.9547065668214,13.302194595336914,110300.9
516,2025-07-09 19:30:00,2,1.329561438134442,10022.346127817951,8.824938137609934,1,108809.9,999.9547065668214,22.79906272888184,111334.3
517,2025-07-09 19:45:00,2,0.4738508589752018,10025.730776810631,8.824938137609934,1,108809.9,999.9547065668214,26.183712005615234,111702.6
518,2025-07-09 20:00:00,2,-0.3592341274066711,10022.138435536566,8.824938137609934,1,108809.9,999.9547065668214,22.59136962890625,111311.7
519,2025-07-09 20:15:00,2,-0.3187065627644188,10018.951369908922,8.824938137609934,1,108809.9,999.9547065668214,19.40430450439453,110964.9
520,2025-07-09 20:30:00,2,-0.0033083726239055,10018.918286182685,8.824938137609934,1,108809.9,999.9547065668214,19.37121963500977,110961.3
521,2025-07-09 20:45:00,2,-0.2853698937505578,10016.258722190065,9.472054620568088,1,108809.9,999.9547065668214,16.71165657043457,110671.9
522,2025-07-09 21:00:00,2,0.3042783821547346,10019.301506011612,9.472054620568088,1,108809.9,999.9547065668214,19.754440307617188,111003.0
523,2025-07-09 21:15:00,2,0.1677161121813696,10020.978667133426,9.472054620568088,1,108809.9,999.9547065668214,21.43160057067871,111185.5
524,2025-07-09 21:30:00,2,-0.159169482903053,10019.386972304395,9.472054620568088,1,108809.9,999.9547065668214,19.839906692504883,111012.3
525,2025-07-09 21:45:00,2,-0.206038095074291,10017.326591353652,9.472054620568088,1,108809.9,999.9547065668214,17.779525756835938,110788.1
526,2025-07-09 22:00:00,2,0.4270557661955536,10021.597149015608,9.472054620568088,1,108809.9,999.9547065668214,22.05008316040039,111252.8
527,2025-07-09 22:15:00,2,-0.1993294505869926,10019.603854509738,9.472054620568088,1,108809.9,999.9547065668214,20.056787490844727,111035.9
528,2025-07-09 22:30:00,2,0.2033730171273418,10021.637584681012,9.472054620568088,1,108809.9,999.9547065668214,22.090517044067383,111257.2
529,2025-07-09 22:45:00,2,0.0688325304239697,10022.325909985251,9.472054620568088,1,108809.9,999.9547065668214,22.778844833374023,111332.1
530,2025-07-09 23:00:00,2,-0.0294077566564737,10022.031832418686,9.472054620568088,1,108809.9,999.9547065668214,22.48476791381836,111300.1
531,2025-07-09 23:15:00,2,0.0506364809927617,10022.538197228614,9.472054620568088,1,108809.9,999.9547065668214,22.99112892150879,111355.2
532,2025-07-09 23:30:00,1,0.0771018839779571,10021.809216068394,9.472054620568088,0,108809.9,999.9547065668214,22.26,111319.4
533,2025-07-09 23:45:00,2,0.0,10021.809216068394,9.472054620568088,0,108809.9,999.9547065668214,,111209.7
534,2025-07-10 00:00:00,2,0.0,10021.809216068394,9.472054620568088,0,108809.9,999.9547065668214,,111228.0
535,2025-07-10 00:15:00,2,0.0,10021.809216068394,9.472054620568088,0,108809.9,999.9547065668214,,111092.1
536,2025-07-10 00:30:00,2,0.0,10021.809216068394,9.472054620568088,0,108809.9,999.9547065668214,,110985.0
537,2025-07-10 00:45:00,2,0.0,10021.809216068394,9.472054620568088,0,108809.9,999.9547065668214,,110865.0
538,2025-07-10 01:00:00,2,0.0,10021.809216068394,9.472054620568088,0,108809.9,999.9547065668214,,110960.6
539,2025-07-10 01:15:00,2,0.0,10021.809216068394,9.472054620568088,0,108809.9,999.9547065668214,,111055.9
540,2025-07-10 01:30:00,2,0.0,10021.809216068394,9.472054620568088,0,108809.9,999.9547065668214,,111150.4
541,2025-07-10 01:45:00,2,0.0,10021.809216068394,9.472054620568088,0,108809.9,999.9547065668214,,111155.8
542,2025-07-10 02:00:00,2,0.0,10021.809216068394,9.472054620568088,0,108809.9,999.9547065668214,,111323.0
543,2025-07-10 02:15:00,2,0.0,10021.809216068394,9.472054620568088,0,108809.9,999.9547065668214,,111249.0
544,2025-07-10 02:30:00,2,0.0,10021.809216068394,9.472054620568088,0,108809.9,999.9547065668214,,111133.8
545,2025-07-10 02:45:00,2,0.0,10021.809216068394,9.472054620568088,0,108809.9,999.9547065668214,,111172.1
546,2025-07-10 03:00:00,2,0.0,10021.809216068394,9.472054620568088,0,108809.9,999.9547065668214,,111076.7
547,2025-07-10 03:15:00,2,0.0,10021.809216068394,9.472054620568088,0,108809.9,999.9547065668214,,111000.8
548,2025-07-10 03:30:00,2,0.0,10021.809216068394,9.472054620568088,0,108809.9,999.9547065668214,,110974.0
549,2025-07-10 03:45:00,2,0.0,10021.809216068394,9.472054620568088,0,108809.9,999.9547065668214,,111025.8
550,2025-07-10 04:00:00,2,0.0,10021.809216068394,9.472054620568088,0,108809.9,999.9547065668214,,110910.1
551,2025-07-10 04:15:00,2,0.0,10021.809216068394,9.472054620568088,0,108809.9,999.9547065668214,,111011.1
552,2025-07-10 04:30:00,2,0.0,10021.809216068394,9.472054620568088,0,108809.9,999.9547065668214,,111110.9
553,2025-07-10 04:45:00,2,0.0,10021.809216068394,9.472054620568088,0,108809.9,999.9547065668214,,111108.0
554,2025-07-10 05:00:00,2,0.0,10021.809216068394,9.472054620568088,0,108809.9,999.9547065668214,,110948.8
555,2025-07-10 05:15:00,2,0.0,10021.809216068394,9.472054620568088,0,108809.9,999.9547065668214,,110953.6
556,2025-07-10 05:30:00,2,0.0,10021.809216068394,9.472054620568088,0,108809.9,999.9547065668214,,110907.3
557,2025-07-10 05:45:00,2,0.0,10021.809216068394,9.472054620568088,0,108809.9,999.9547065668214,,111043.6
558,2025-07-10 06:00:00,2,0.0,10021.809216068394,9.472054620568088,0,108809.9,999.9547065668214,,111099.9
559,2025-07-10 06:15:00,2,0.0,10021.809216068394,9.472054620568088,0,108809.9,999.9547065668214,,111229.6
560,2025-07-10 06:30:00,2,0.0,10021.809216068394,9.472054620568088,0,108809.9,999.9547065668214,,111092.5
561,2025-07-10 06:45:00,2,0.0,10021.809216068394,9.472054620568088,0,108809.9,999.9547065668214,,111177.2
562,2025-07-10 07:00:00,2,0.0,10021.809216068394,9.472054620568088,0,108809.9,999.9547065668214,,111343.2
563,2025-07-10 07:15:00,2,0.0,10021.809216068394,9.472054620568088,0,108809.9,999.9547065668214,,111305.1
564,2025-07-10 07:30:00,2,0.0,10021.809216068394,9.472054620568088,0,108809.9,999.9547065668214,,111224.6
565,2025-07-10 07:45:00,2,0.0,10021.809216068394,9.472054620568088,0,108809.9,999.9547065668214,,111190.8
566,2025-07-10 08:00:00,2,0.0,10021.809216068394,9.472054620568088,0,108809.9,999.9547065668214,,111087.2
567,2025-07-10 08:15:00,2,0.0,10021.809216068394,9.472054620568088,0,108809.9,999.9547065668214,,111221.4
568,2025-07-10 08:30:00,2,0.0,10021.809216068394,9.472054620568088,0,108809.9,999.9547065668214,,111345.2
569,2025-07-10 08:45:00,2,0.0,10021.809216068394,9.472054620568088,0,108809.9,999.9547065668214,,111195.3
570,2025-07-10 09:00:00,2,0.0,10021.809216068394,9.472054620568088,0,108809.9,999.9547065668214,,111132.9
571,2025-07-10 09:15:00,2,0.0,10021.809216068394,9.472054620568088,0,108809.9,999.9547065668214,,111093.8
572,2025-07-10 09:30:00,2,0.0,10021.809216068394,9.472054620568088,0,108809.9,999.9547065668214,,111040.9
573,2025-07-10 09:45:00,2,0.0,10021.809216068394,9.472054620568088,0,108809.9,999.9547065668214,,110993.7
574,2025-07-10 10:00:00,2,0.0,10021.809216068394,9.472054620568088,0,108809.9,999.9547065668214,,110940.5
575,2025-07-10 10:15:00,2,0.0,10021.809216068394,9.472054620568088,0,108809.9,999.9547065668214,,110951.1
576,2025-07-10 10:30:00,2,0.0,10021.809216068394,9.472054620568088,0,108809.9,999.9547065668214,,110900.7
577,2025-07-10 10:45:00,2,0.0,10021.809216068394,9.472054620568088,0,108809.9,999.9547065668214,,111033.8
578,2025-07-10 11:00:00,0,0.1599127631357987,10021.408343699752,9.472054620568088,1,111044.6,1002.1809216068394,-0.4008723795413971,111044.6
579,2025-07-10 11:15:00,2,0.0609189570754097,10022.017533270506,9.472054620568088,1,111044.6,1002.1809216068394,0.2083172053098678,111112.1
580,2025-07-10 11:30:00,2,-0.061460458916008,10021.402928681346,9.472054620568088,1,111044.6,1002.1809216068394,-0.4062873721122741,111044.0
581,2025-07-10 11:45:00,2,-0.0582114478720541,10020.820814202623,9.472054620568088,1,111044.6,1002.1809216068394,-0.9884018301963806,110979.5
582,2025-07-10 12:00:00,2,-0.1912404000631795,10018.908410201992,9.472054620568088,1,111044.6,1002.1809216068394,-2.900805950164795,110767.6
583,2025-07-10 12:15:00,2,0.0985533350018158,10019.893943552011,9.472054620568088,1,111044.6,1002.1809216068394,-1.9152724742889404,110876.8
584,2025-07-10 12:30:00,2,-0.0773445129088941,10019.120498422924,9.472054620568088,1,111044.6,1002.1809216068394,-2.688717603683472,110791.1
585,2025-07-10 12:45:00,2,0.0323998601334096,10019.444497024257,9.472054620568088,1,111044.6,1002.1809216068394,-2.3647189140319824,110827.0
586,2025-07-10 13:00:00,2,0.0155230527658204,10019.599727551917,9.472054620568088,1,111044.6,1002.1809216068394,-2.2094883918762207,110844.2
587,2025-07-10 13:15:00,2,0.1371804663029251,10020.971532214944,9.472054620568088,1,111044.6,1002.1809216068394,-0.8376838564872742,110996.2
588,2025-07-10 13:30:00,1,-0.2001899510440125,10018.469632704504,9.472054620568088,0,111044.6,1002.1809216068394,-3.34,110763.4
589,2025-07-10 13:45:00,0,0.3599261214691068,10018.068893919197,9.472054620568088,1,110761.9,1001.8469632704504,-0.400738775730133,110761.9
590,2025-07-10 14:00:00,2,0.2605879008198826,10020.674772927394,9.472054620568088,1,110761.9,1001.8469632704504,2.2051401138305664,111050.0
591,2025-07-10 14:15:00,2,-0.2077648067279369,10018.597124860114,9.472054620568088,1,110761.9,1001.8469632704504,0.1274921596050262,110820.3
592,2025-07-10 14:30:00,2,0.1758357789634828,10020.35548264975,9.472054620568088,1,110761.9,1001.8469632704504,1.8858498334884644,111014.7
593,2025-07-10 14:45:00,2,0.1615445993975299,10021.970928643725,9.472054620568088,1,110761.9,1001.8469632704504,3.501296043395996,111193.3
594,2025-07-10 15:00:00,2,-0.2170812085969373,10019.800116557755,9.472054620568088,1,110761.9,1001.8469632704504,1.3304837942123413,110953.3
595,2025-07-10 15:15:00,2,0.2960444982240006,10022.760561539995,9.472054620568088,1,110761.9,1001.8469632704504,4.290928363800049,111280.6
596,2025-07-10 15:30:00,2,-0.132600438251211,10021.434557157483,9.472054620568088,1,110761.9,1001.8469632704504,2.9649243354797363,111134.0
597,2025-07-10 15:45:00,1,0.2136206555360331,10023.070763712843,9.472054620568088,0,110761.9,1001.8469632704504,4.6,111359.2
598,2025-07-10 16:00:00,0,0.1599077169452357,10022.669840882296,9.472054620568088,1,111421.6,1002.3070763712844,-0.4009228050708771,111421.6
599,2025-07-10 16:15:00,2,1.04677808802895,10031.021380347742,9.472054620568088,1,111421.6,1002.3070763712844,7.950616359710693,112350.0
600,2025-07-10 16:30:00,1,-0.1412822754553417,10032.86936409449,9.472054620568088,0,111421.6,1002.3070763712844,9.8,112600.0
601,2025-07-10 16:45:00,0,0.1598685225435474,10032.468049319925,9.472054620568088,1,112605.0,1003.286936409449,-0.40131476521492,112605.0
602,2025-07-10 17:00:00,2,0.9850870859652424,10039.61904701241,9.472054620568088,1,112605.0,1003.286936409449,6.749682426452637,113407.6
603,2025-07-10 17:15:00,2,0.0268184687943721,10039.810607503798,9.472054620568088,1,112605.0,1003.286936409449,6.941243171691895,113429.1
604,2025-07-10 17:30:00,2,0.1982071949501551,10041.226373182011,9.472054620568088,1,112605.0,1003.286936409449,8.357008934020996,113588.0
605,2025-07-10 17:45:00,2,0.1307244432395964,10042.160119205151,9.472054620568088,1,112605.0,1003.286936409449,9.29075527191162,113692.8
606,2025-07-10 18:00:00,2,-0.3241381710098722,10038.918737495054,9.472054620568088,1,112605.0,1003.286936409449,6.049373149871826,113329.0
607,2025-07-10 18:15:00,2,-0.1480807147385348,10037.437930347667,9.472054620568088,1,112605.0,1003.286936409449,4.56856632232666,113162.8
608,2025-07-10 18:30:00,2,-0.1130652388706948,10036.307277958962,9.472054620568088,1,112605.0,1003.286936409449,3.437913656234741,113035.9
609,2025-07-10 18:45:00,2,0.3072986673483683,10039.380264632446,9.472054620568088,1,112605.0,1003.286936409449,6.510900497436523,113380.8
610,2025-07-10 19:00:00,2,0.1985992257232283,10041.366256889678,9.472054620568088,1,112605.0,1003.286936409449,8.496892929077148,113603.7
611,2025-07-10 19:15:00,1,-0.2671368577945031,10038.194888311731,9.472054620568088,0,112605.0,1003.286936409449,5.33,113292.8
612,2025-07-10 19:30:00,2,0.0,10038.194888311731,9.472054620568088,0,112605.0,1003.286936409449,,113217.2
613,2025-07-10 19:45:00,2,0.0,10038.194888311731,9.472054620568088,0,112605.0,1003.286936409449,,113247.4
614,2025-07-10 20:00:00,2,0.0,10038.194888311731,9.472054620568088,0,112605.0,1003.286936409449,,113397.0
615,2025-07-10 20:15:00,2,0.0,10038.194888311731,9.472054620568088,0,112605.0,1003.286936409449,,113386.7
616,2025-07-10 20:30:00,2,0.0,10038.194888311731,9.472054620568088,0,112605.0,1003.286936409449,,113537.3
617,2025-07-10 20:45:00,2,0.0,10038.194888311731,9.472054620568088,0,112605.0,1003.286936409449,,113435.8
618,2025-07-10 21:00:00,2,0.0,10038.194888311731,9.472054620568088,0,112605.0,1003.286936409449,,113614.3
619,2025-07-10 21:15:00,2,0.0,10038.194888311731,9.472054620568088,0,112605.0,1003.286936409449,,115693.0
620,2025-07-10 21:30:00,2,0.0,10038.194888311731,9.472054620568088,0,112605.0,1003.286936409449,,116257.4
621,2025-07-10 21:45:00,2,0.0,10038.194888311731,9.472054620568088,0,112605.0,1003.286936409449,,116458.2
622,2025-07-10 22:00:00,2,0.0,10038.194888311731,9.472054620568088,0,112605.0,1003.286936409449,,116065.3
623,2025-07-10 22:15:00,2,0.0,10038.194888311731,9.472054620568088,0,112605.0,1003.286936409449,,115882.6
624,2025-07-10 22:30:00,2,0.0,10038.194888311731,9.472054620568088,0,112605.0,1003.286936409449,,115932.4
625,2025-07-10 22:45:00,2,0.0,10038.194888311731,9.472054620568088,0,112605.0,1003.286936409449,,115991.5
626,2025-07-10 23:00:00,2,0.0,10038.194888311731,9.472054620568088,0,112605.0,1003.286936409449,,115981.9
627,2025-07-10 23:15:00,2,0.0,10038.194888311731,9.472054620568088,0,112605.0,1003.286936409449,,115764.3
628,2025-07-10 23:30:00,2,0.0,10038.194888311731,9.472054620568088,0,112605.0,1003.286936409449,,115758.1
629,2025-07-10 23:45:00,2,0.0,10038.194888311731,9.472054620568088,0,112605.0,1003.286936409449,,115990.1
630,2025-07-11 00:00:00,2,0.0,10038.194888311731,9.472054620568088,0,112605.0,1003.286936409449,,115854.7
631,2025-07-11 00:15:00,2,0.0,10038.194888311731,9.472054620568088,0,112605.0,1003.286936409449,,115459.8
632,2025-07-11 00:30:00,2,0.0,10038.194888311731,9.472054620568088,0,112605.0,1003.286936409449,,115419.9
633,2025-07-11 00:45:00,2,0.0,10038.194888311731,9.472054620568088,0,112605.0,1003.286936409449,,115555.4
634,2025-07-11 01:00:00,2,0.0,10038.194888311731,9.472054620568088,0,112605.0,1003.286936409449,,115622.4
635,2025-07-11 01:15:00,2,0.0,10038.194888311731,9.472054620568088,0,112605.0,1003.286936409449,,115920.0
636,2025-07-11 01:30:00,2,0.0,10038.194888311731,9.472054620568088,0,112605.0,1003.286936409449,,115978.0
637,2025-07-11 01:45:00,2,0.0,10038.194888311731,9.472054620568088,0,112605.0,1003.286936409449,,115952.7
638,2025-07-11 02:00:00,2,0.0,10038.194888311731,9.472054620568088,0,112605.0,1003.286936409449,,115950.0
639,2025-07-11 02:15:00,2,0.0,10038.194888311731,9.472054620568088,0,112605.0,1003.286936409449,,116257.6
640,2025-07-11 02:30:00,2,0.0,10038.194888311731,9.472054620568088,0,112605.0,1003.286936409449,,116465.7
641,2025-07-11 02:45:00,2,0.0,10038.194888311731,9.472054620568088,0,112605.0,1003.286936409449,,116634.9
642,2025-07-11 03:00:00,2,0.0,10038.194888311731,9.472054620568088,0,112605.0,1003.286936409449,,116456.8
643,2025-07-11 03:15:00,2,0.0,10038.194888311731,9.472054620568088,0,112605.0,1003.286936409449,,116495.9
644,2025-07-11 03:30:00,2,0.0,10038.194888311731,9.472054620568088,0,112605.0,1003.286936409449,,116557.5
645,2025-07-11 03:45:00,2,0.0,10038.194888311731,9.472054620568088,0,112605.0,1003.286936409449,,116853.2
646,2025-07-11 04:00:00,2,0.0,10038.194888311731,9.472054620568088,0,112605.0,1003.286936409449,,116610.1
647,2025-07-11 04:15:00,2,0.0,10038.194888311731,9.472054620568088,0,112605.0,1003.286936409449,,116539.5
648,2025-07-11 04:30:00,2,0.0,10038.194888311731,9.472054620568088,0,112605.0,1003.286936409449,,116630.5
649,2025-07-11 04:45:00,2,0.0,10038.194888311731,9.472054620568088,0,112605.0,1003.286936409449,,116883.2
650,2025-07-11 05:00:00,2,0.0,10038.194888311731,9.472054620568088,0,112605.0,1003.286936409449,,117165.8
651,2025-07-11 05:15:00,2,0.0,10038.194888311731,9.472054620568088,0,112605.0,1003.286936409449,,117454.4
652,2025-07-11 05:30:00,2,0.0,10038.194888311731,9.472054620568088,0,112605.0,1003.286936409449,,117930.0
653,2025-07-11 05:45:00,2,0.0,10038.194888311731,9.472054620568088,0,112605.0,1003.286936409449,,117832.0
654,2025-07-11 06:00:00,2,0.0,10038.194888311731,9.472054620568088,0,112605.0,1003.286936409449,,118001.4
655,2025-07-11 06:15:00,2,0.0,10038.194888311731,9.472054620568088,0,112605.0,1003.286936409449,,118116.1
656,2025-07-11 06:30:00,2,0.0,10038.194888311731,9.472054620568088,0,112605.0,1003.286936409449,,117939.5
657,2025-07-11 06:45:00,2,0.0,10038.194888311731,9.472054620568088,0,112605.0,1003.286936409449,,117639.2
658,2025-07-11 07:00:00,2,0.0,10038.194888311731,9.472054620568088,0,112605.0,1003.286936409449,,117451.2
659,2025-07-11 07:15:00,2,0.0,10038.194888311731,9.472054620568088,0,112605.0,1003.286936409449,,117854.9
660,2025-07-11 07:30:00,2,0.0,10038.194888311731,9.472054620568088,0,112605.0,1003.286936409449,,117949.9
661,2025-07-11 07:45:00,2,0.0,10038.194888311731,9.472054620568088,0,112605.0,1003.286936409449,,117554.6
662,2025-07-11 08:00:00,2,0.0,10038.194888311731,9.472054620568088,0,112605.0,1003.286936409449,,117777.4
663,2025-07-11 08:15:00,2,0.0,10038.194888311731,9.472054620568088,0,112605.0,1003.286936409449,,117959.0
664,2025-07-11 08:30:00,2,0.0,10038.194888311731,9.472054620568088,0,112605.0,1003.286936409449,,117997.1
665,2025-07-11 08:45:00,2,0.0,10038.194888311731,9.472054620568088,0,112605.0,1003.286936409449,,117964.0
666,2025-07-11 09:00:00,2,0.0,10038.194888311731,9.472054620568088,0,112605.0,1003.286936409449,,118029.4
667,2025-07-11 09:15:00,2,0.0,10038.194888311731,9.472054620568088,0,112605.0,1003.286936409449,,118151.2
668,2025-07-11 09:30:00,2,0.0,10038.194888311731,9.472054620568088,0,112605.0,1003.286936409449,,118572.6
669,2025-07-11 09:45:00,2,0.0,10038.194888311731,9.472054620568088,0,112605.0,1003.286936409449,,118448.7
670,2025-07-11 10:00:00,2,0.0,10038.194888311731,9.472054620568088,0,112605.0,1003.286936409449,,118110.0
671,2025-07-11 10:15:00,2,0.0,10038.194888311731,9.472054620568088,0,112605.0,1003.286936409449,,118231.2
672,2025-07-11 10:30:00,2,0.0,10038.194888311731,9.472054620568088,0,112605.0,1003.286936409449,,118080.0
673,2025-07-11 10:45:00,2,0.0,10038.194888311731,9.472054620568088,0,112605.0,1003.286936409449,,117970.6
674,2025-07-11 11:00:00,2,0.0,10038.194888311731,9.472054620568088,0,112605.0,1003.286936409449,,117725.0
675,2025-07-11 11:15:00,2,0.0,10038.194888311731,9.472054620568088,0,112605.0,1003.286936409449,,117681.8
676,2025-07-11 11:30:00,0,0.1598472204466816,10037.7933605162,9.472054620568088,1,117757.0,1003.8194888311732,-0.4015278220176697,117757.0
677,2025-07-11 11:45:00,2,0.0380192678157982,10038.173553194358,9.472054620568088,1,117757.0,1003.8194888311732,-0.0213351175189018,117801.6
678,2025-07-11 12:00:00,2,0.3466913950827802,10041.640467145186,9.472054620568088,1,117757.0,1003.8194888311732,3.4455785751342773,118208.3
679,2025-07-11 12:15:00,1,-0.8499254710121023,10037.141212435065,9.472054620568088,0,117757.0,1003.8194888311732,-1.05,117727.6
680,2025-07-11 12:30:00,2,0.0,10037.141212435065,9.472054620568088,0,117757.0,1003.8194888311732,,117745.6
681,2025-07-11 12:45:00,2,0.0,10037.141212435065,9.472054620568088,0,117757.0,1003.8194888311732,,117856.2
682,2025-07-11 13:00:00,2,0.0,10037.141212435065,9.472054620568088,0,117757.0,1003.8194888311732,,117781.2
683,2025-07-11 13:15:00,2,0.0,10037.141212435065,9.472054620568088,0,117757.0,1003.8194888311732,,117634.3
684,2025-07-11 13:30:00,2,0.0,10037.141212435065,9.472054620568088,0,117757.0,1003.8194888311732,,117425.0
685,2025-07-11 13:45:00,2,0.0,10037.141212435065,9.472054620568088,0,117757.0,1003.8194888311732,,117977.9
686,2025-07-11 14:00:00,2,0.0,10037.141212435065,9.472054620568088,0,117757.0,1003.8194888311732,,117930.3
687,2025-07-11 14:15:00,0,0.5098514351502672,10036.739726786567,9.472054620568088,1,117899.7,1003.7141212435064,-0.4014856517314911,117899.7
688,2025-07-11 14:30:00,2,0.0894746586654946,10037.634473373222,9.472054620568088,1,117899.7,1003.7141212435064,0.4932609498500824,118004.8
689,2025-07-11 14:45:00,1,-0.5720193986013328,10035.914279387209,9.472054620568088,0,117899.7,1003.7141212435064,-1.23,117849.9
690,2025-07-11 15:00:00,2,0.0,10035.914279387209,9.472054620568088,0,117899.7,1003.7141212435064,,117626.4
691,2025-07-11 15:15:00,2,0.0,10035.914279387209,9.472054620568088,0,117899.7,1003.7141212435064,,117758.4
692,2025-07-11 15:30:00,2,0.0,10035.914279387209,9.472054620568088,0,117899.7,1003.7141212435064,,117410.8
693,2025-07-11 15:45:00,2,0.0,10035.914279387209,9.472054620568088,0,117899.7,1003.7141212435064,,116908.7
694,2025-07-11 16:00:00,2,0.0,10035.914279387209,9.472054620568088,0,117899.7,1003.7141212435064,,116857.8
695,2025-07-11 16:15:00,2,0.0,10035.914279387209,9.472054620568088,0,117899.7,1003.7141212435064,,117281.4
696,2025-07-11 16:30:00,2,0.0,10035.914279387209,9.472054620568088,0,117899.7,1003.7141212435064,,117307.7
697,2025-07-11 16:45:00,0,0.1598563428824491,10035.512842816031,9.472054620568088,1,117402.7,1003.5914279387208,-0.4014365673065185,117402.7
698,2025-07-11 17:00:00,2,0.0676169133674193,10036.189011949707,9.472054620568088,1,117402.7,1003.5914279387208,0.2747325599193573,117481.8
699,2025-07-11 17:15:00,1,-0.4161229837216524,10036.027782112493,9.472054620568088,0,117402.7,1003.5914279387208,0.11,117509.9
700,2025-07-11 17:30:00,0,0.159855888871607,10035.626341001209,9.472054620568088,1,117390.8,1003.6027782112492,-0.4014410972595215,117390.8
701,2025-07-11 17:45:00,2,0.1990264371377634,10037.616605372585,9.472054620568088,1,117390.8,1003.6027782112492,1.5888231992721558,117623.6
702,2025-07-11 18:00:00,2,-0.0563395283821591,10037.053210088765,9.472054620568088,1,117390.8,1003.6027782112492,1.0254279375076294,117557.7
703,2025-07-11 18:15:00,2,-0.1961196936401393,10035.092013152362,9.472054620568088,1,117390.8,1003.6027782112492,-0.9357689619064332,117328.3
704,2025-07-11 18:30:00,2,0.2410032329431487,10037.502045481791,9.472054620568088,1,117390.8,1003.6027782112492,1.474263310432434,117610.2
705,2025-07-11 18:45:00,2,0.0690779042986832,10038.19282452478,9.472054620568088,1,117390.8,1003.6027782112492,2.1650424003601074,117691.0
706,2025-07-11 19:00:00,1,-0.0583409175653287,10038.109415349129,9.472054620568088,0,117390.8,1003.6027782112492,2.08,117728.2
707,2025-07-11 19:15:00,2,0.0,10038.109415349129,9.472054620568088,0,117390.8,1003.6027782112492,,117868.7
708,2025-07-11 19:30:00,2,0.0,10038.109415349129,9.472054620568088,0,117390.8,1003.6027782112492,,117800.0
709,2025-07-11 19:45:00,2,0.0,10038.109415349129,9.472054620568088,0,117390.8,1003.6027782112492,,118079.2
710,2025-07-11 20:00:00,2,0.0,10038.109415349129,9.472054620568088,0,117390.8,1003.6027782112492,,117921.9
711,2025-07-11 20:15:00,2,0.0,10038.109415349129,9.472054620568088,0,117390.8,1003.6027782112492,,117913.7
712,2025-07-11 20:30:00,2,0.0,10038.109415349129,9.472054620568088,0,117390.8,1003.6027782112492,,117785.4
713,2025-07-11 20:45:00,2,0.0,10038.109415349129,9.472054620568088,0,117390.8,1003.6027782112492,,117624.5
714,2025-07-11 21:00:00,2,0.0,10038.109415349129,9.472054620568088,0,117390.8,1003.6027782112492,,117617.4
715,2025-07-11 21:15:00,2,0.0,10038.109415349129,9.472054620568088,0,117390.8,1003.6027782112492,,117819.0
716,2025-07-11 21:30:00,2,0.0,10038.109415349129,9.472054620568088,0,117390.8,1003.6027782112492,,117445.5
717,2025-07-11 21:45:00,2,0.0,10038.109415349129,9.472054620568088,0,117390.8,1003.6027782112492,,117590.0
718,2025-07-11 22:00:00,2,0.0,10038.109415349129,9.472054620568088,0,117390.8,1003.6027782112492,,117465.6
719,2025-07-11 22:15:00,2,0.0,10038.109415349129,9.472054620568088,0,117390.8,1003.6027782112492,,117232.8
720,2025-07-11 22:30:00,2,0.0,10038.109415349129,9.472054620568088,0,117390.8,1003.6027782112492,,117391.2
721,2025-07-11 22:45:00,2,0.0,10038.109415349129,9.472054620568088,0,117390.8,1003.6027782112492,,117590.5
722,2025-07-11 23:00:00,2,0.0,10038.109415349129,9.472054620568088,0,117390.8,1003.6027782112492,,117635.0
723,2025-07-11 23:15:00,2,0.0,10038.109415349129,9.472054620568088,0,117390.8,1003.6027782112492,,117586.1
724,2025-07-11 23:30:00,2,0.0,10038.109415349129,9.472054620568088,0,117390.8,1003.6027782112492,,117554.3
725,2025-07-11 23:45:00,2,0.0,10038.109415349129,9.472054620568088,0,117390.8,1003.6027782112492,,117508.8
726,2025-07-12 00:00:00,2,0.0,10038.109415349129,9.472054620568088,0,117390.8,1003.6027782112492,,117523.6
727,2025-07-12 00:15:00,2,0.0,10038.109415349129,9.472054620568088,0,117390.8,1003.6027782112492,,117492.0
728,2025-07-12 00:30:00,2,0.0,10038.109415349129,9.472054620568088,0,117390.8,1003.6027782112492,,117210.5
729,2025-07-12 00:45:00,2,0.0,10038.109415349129,9.472054620568088,0,117390.8,1003.6027782112492,,117379.3
730,2025-07-12 01:00:00,2,0.0,10038.109415349129,9.472054620568088,0,117390.8,1003.6027782112492,,117579.6
731,2025-07-12 01:15:00,2,0.0,10038.109415349129,9.472054620568088,0,117390.8,1003.6027782112492,,117660.0
732,2025-07-12 01:30:00,2,0.0,10038.109415349129,9.472054620568088,0,117390.8,1003.6027782112492,,117572.6
733,2025-07-12 01:45:00,2,0.0,10038.109415349129,9.472054620568088,0,117390.8,1003.6027782112492,,117618.0
734,2025-07-12 02:00:00,2,0.0,10038.109415349129,9.472054620568088,0,117390.8,1003.6027782112492,,117641.7
735,2025-07-12 02:15:00,2,0.0,10038.109415349129,9.472054620568088,0,117390.8,1003.6027782112492,,117700.3
736,2025-07-12 02:30:00,2,0.0,10038.109415349129,9.472054620568088,0,117390.8,1003.6027782112492,,117649.3
737,2025-07-12 02:45:00,2,0.0,10038.109415349129,9.472054620568088,0,117390.8,1003.6027782112492,,117572.9
738,2025-07-12 03:00:00,2,0.0,10038.109415349129,9.472054620568088,0,117390.8,1003.6027782112492,,117761.6
739,2025-07-12 03:15:00,2,0.0,10038.109415349129,9.472054620568088,0,117390.8,1003.6027782112492,,117800.2
740,2025-07-12 03:30:00,2,0.0,10038.109415349129,9.472054620568088,0,117390.8,1003.6027782112492,,117672.3
741,2025-07-12 03:45:00,2,0.0,10038.109415349129,9.472054620568088,0,117390.8,1003.6027782112492,,117752.5
742,2025-07-12 04:00:00,2,0.0,10038.109415349129,9.472054620568088,0,117390.8,1003.6027782112492,,117781.1
743,2025-07-12 04:15:00,2,0.0,10038.109415349129,9.472054620568088,0,117390.8,1003.6027782112492,,117833.3
744,2025-07-12 04:30:00,2,0.0,10038.109415349129,9.472054620568088,0,117390.8,1003.6027782112492,,117687.4
745,2025-07-12 04:45:00,2,0.0,10038.109415349129,9.472054620568088,0,117390.8,1003.6027782112492,,117619.2
746,2025-07-12 05:00:00,2,0.0,10038.109415349129,9.472054620568088,0,117390.8,1003.6027782112492,,117507.1
747,2025-07-12 05:15:00,2,0.0,10038.109415349129,9.472054620568088,0,117390.8,1003.6027782112492,,117580.0
748,2025-07-12 05:30:00,2,0.0,10038.109415349129,9.472054620568088,0,117390.8,1003.6027782112492,,117584.8
749,2025-07-12 05:45:00,2,0.0,10038.109415349129,9.472054620568088,0,117390.8,1003.6027782112492,,117641.0
750,2025-07-12 06:00:00,2,0.0,10038.109415349129,9.472054620568088,0,117390.8,1003.6027782112492,,117676.2
751,2025-07-12 06:15:00,2,0.0,10038.109415349129,9.472054620568088,0,117390.8,1003.6027782112492,,117865.0
752,2025-07-12 06:30:00,2,0.0,10038.109415349129,9.472054620568088,0,117390.8,1003.6027782112492,,117905.4
753,2025-07-12 06:45:00,2,0.0,10038.109415349129,9.472054620568088,0,117390.8,1003.6027782112492,,117800.1
754,2025-07-12 07:00:00,2,0.0,10038.109415349129,9.472054620568088,0,117390.8,1003.6027782112492,,117916.8
755,2025-07-12 07:15:00,2,0.0,10038.109415349129,9.472054620568088,0,117390.8,1003.6027782112492,,117894.4
756,2025-07-12 07:30:00,2,0.0,10038.109415349129,9.472054620568088,0,117390.8,1003.6027782112492,,117678.8
757,2025-07-12 07:45:00,2,0.0,10038.109415349129,9.472054620568088,0,117390.8,1003.6027782112492,,117683.9
758,2025-07-12 08:00:00,2,0.0,10038.109415349129,9.472054620568088,0,117390.8,1003.6027782112492,,117789.7
759,2025-07-12 08:15:00,2,0.0,10038.109415349129,9.472054620568088,0,117390.8,1003.6027782112492,,117814.3
760,2025-07-12 08:30:00,2,0.0,10038.109415349129,9.472054620568088,0,117390.8,1003.6027782112492,,117774.0
761,2025-07-12 08:45:00,2,0.0,10038.109415349129,9.472054620568088,0,117390.8,1003.6027782112492,,117864.6
762,2025-07-12 09:00:00,2,0.0,10038.109415349129,9.472054620568088,0,117390.8,1003.6027782112492,,117829.1
763,2025-07-12 09:15:00,2,0.0,10038.109415349129,9.472054620568088,0,117390.8,1003.6027782112492,,117940.0
764,2025-07-12 09:30:00,2,0.0,10038.109415349129,9.472054620568088,0,117390.8,1003.6027782112492,,118023.8
765,2025-07-12 09:45:00,2,0.0,10038.109415349129,9.472054620568088,0,117390.8,1003.6027782112492,,118123.9
766,2025-07-12 10:00:00,2,0.0,10038.109415349129,9.472054620568088,0,117390.8,1003.6027782112492,,117960.8
767,2025-07-12 10:15:00,2,0.0,10038.109415349129,9.472054620568088,0,117390.8,1003.6027782112492,,118035.0
768,2025-07-12 10:30:00,2,0.0,10038.109415349129,9.472054620568088,0,117390.8,1003.6027782112492,,118050.1
769,2025-07-12 10:45:00,2,0.0,10038.109415349129,9.472054620568088,0,117390.8,1003.6027782112492,,118034.3
770,2025-07-12 11:00:00,2,0.0,10038.109415349129,9.472054620568088,0,117390.8,1003.6027782112492,,117901.1
771,2025-07-12 11:15:00,2,0.0,10038.109415349129,9.472054620568088,0,117390.8,1003.6027782112492,,117963.7
772,2025-07-12 11:30:00,2,0.0,10038.109415349129,9.472054620568088,0,117390.8,1003.6027782112492,,117634.8
773,2025-07-12 11:45:00,2,0.0,10038.109415349129,9.472054620568088,0,117390.8,1003.6027782112492,,117772.2
774,2025-07-12 12:00:00,0,0.4098475623386548,10037.707890972511,9.472054620568088,1,117743.2,1003.8109415349128,-0.4015243351459503,117743.2
775,2025-07-12 12:15:00,2,-0.097275110944065,10036.735139863073,9.472054620568088,1,117743.2,1003.8109415349128,-1.3742754459381104,117629.1
776,2025-07-12 12:30:00,2,-0.15260512584573,10035.209088604615,9.472054620568088,1,117743.2,1003.8109415349128,-2.900326728820801,117450.1
777,2025-07-12 12:45:00,2,0.0373413659890502,10035.582502264506,9.472054620568088,1,117743.2,1003.8109415349128,-2.5269129276275635,117493.9
778,2025-07-12 13:00:00,2,-0.0517493359711807,10035.065008904794,9.472054620568088,1,117743.2,1003.8109415349128,-3.0444064140319824,117433.2
779,2025-07-12 13:15:00,2,-0.1538839397493575,10033.5261695073,9.472054620568088,1,117743.2,1003.8109415349128,-4.583245754241943,117252.7
780,2025-07-12 13:30:00,2,0.0662425602135044,10034.188595109435,9.472054620568088,1,117743.2,1003.8109415349128,-3.920820236206055,117330.4
781,2025-07-12 13:45:00,2,0.1208052867728838,10035.396647977164,9.472054620568088,1,117743.2,1003.8109415349128,-2.7127673625946045,117472.1
782,2025-07-12 14:00:00,2,0.0859362943308951,10036.256010920471,9.472054620568088,1,117743.2,1003.8109415349128,-1.853404402732849,117572.9
783,2025-07-12 14:15:00,2,0.0283896686629304,10036.539907607104,9.472054620568088,1,117743.2,1003.8109415349128,-1.5695078372955322,117606.2
784,2025-07-12 14:30:00,2,-0.1545659738314498,10034.994247868788,9.472054620568088,1,117743.2,1003.8109415349128,-3.1151673793792725,117424.9
785,2025-07-12 14:45:00,2,-0.070761036006661,10034.28663750872,9.472054620568088,1,117743.2,1003.8109415349128,-3.822777509689331,117341.9
786,2025-07-12 15:00:00,2,0.037000348948095,10034.656640998202,9.472054620568088,1,117743.2,1003.8109415349128,-3.4527745246887207,117385.3
787,2025-07-12 15:15:00,2,-0.0807357844558282,10033.849283153644,9.472054620568088,1,117743.2,1003.8109415349128,-4.2601318359375,117290.6
788,2025-07-12 15:30:00,2,-0.3427630869971108,10030.94467050696,11.215448698192631,1,117743.2,1003.8109415349128,-7.164744853973389,116949.9
789,2025-07-12 15:45:00,1,0.1590835212684396,10031.535505719645,11.215448698192631,0,117743.2,1003.8109415349128,-6.57,117066.3
790,2025-07-12 16:00:00,2,0.0,10031.535505719645,11.215448698192631,0,117743.2,1003.8109415349128,,117229.9
791,2025-07-12 16:15:00,0,0.2598738579770724,10031.134244299416,11.215448698192631,1,117254.8,1003.1535505719644,-0.4012613892555237,117254.8
792,2025-07-12 16:30:00,2,-0.0177095338500294,10030.957148960915,11.215448698192631,1,117254.8,1003.1535505719644,-0.5783567428588867,117234.1
793,2025-07-12 16:45:00,1,-0.542433356200163,10029.858628116155,12.301491088997864,0,117254.8,1003.1535505719644,-1.68,117152.6
794,2025-07-12 17:00:00,2,0.0,10029.858628116155,12.301491088997864,0,117254.8,1003.1535505719644,,117251.8
795,2025-07-12 17:15:00,0,0.2478447351338581,10029.457433771033,12.702685434122031,1,117416.3,1002.9858628116156,-0.4011943340301513,117416.3
796,2025-07-12 17:30:00,2,0.010592247157183,10029.563356242605,12.702685434122031,1,117416.3,1002.9858628116156,-0.2952718734741211,117428.7
797,2025-07-12 17:45:00,2,0.0069191291913739,10029.632547534517,12.702685434122031,1,117416.3,1002.9858628116156,-0.2260805815458297,117436.8
798,2025-07-12 18:00:00,2,-0.0157175280397495,10029.47537225412,12.702685434122031,1,117416.3,1002.9858628116156,-0.3832558691501617,117418.4
799,2025-07-12 18:15:00,2,-0.0408826571730242,10029.156750625922,13.003368579231392,1,117416.3,1002.9858628116156,-0.7018774151802063,117381.1
800,2025-07-12 18:30:00,2,-0.056745401504304,10028.720247537429,13.439871667726038,1,117416.3,1002.9858628116156,-1.138380527496338,117330.0
801,2025-07-12 18:45:00,2,0.1152333985088262,10029.872581522515,13.439871667726038,1,117416.3,1002.9858628116156,0.0139534063637256,117464.9
802,2025-07-12 19:00:00,1,-0.0077732549998472,10030.294848972517,13.439871667726038,0,117416.3,1002.9858628116156,0.44,117561.3
803,2025-07-12 19:15:00,0,0.4098788206041718,10029.893637178558,13.439871667726038,1,117395.4,1003.0294848972516,-0.4012117981910705,117395.4
804,2025-07-12 19:30:00,1,-0.5050401101527313,10030.843236077031,13.439871667726038,0,117395.4,1003.0294848972516,0.55,117553.5
805,2025-07-12 19:45:00,2,0.0,10030.843236077031,13.439871667726038,0,117395.4,1003.0294848972516,,117511.2
806,2025-07-12 20:00:00,2,0.0,10030.843236077031,13.439871667726038,0,117395.4,1003.0294848972516,,117402.1
807,2025-07-12 20:15:00,2,0.0,10030.843236077031,13.439871667726038,0,117395.4,1003.0294848972516,,117400.0
808,2025-07-12 20:30:00,2,0.0,10030.843236077031,13.439871667726038,0,117395.4,1003.0294848972516,,117289.4
809,2025-07-12 20:45:00,2,0.0,10030.843236077031,13.439871667726038,0,117395.4,1003.0294848972516,,116963.3
810,2025-07-12 21:00:00,2,0.0,10030.843236077031,13.439871667726038,0,117395.4,1003.0294848972516,,117084.7
811,2025-07-12 21:15:00,2,0.0,10030.843236077031,13.439871667726038,0,117395.4,1003.0294848972516,,117259.2
812,2025-07-12 21:30:00,2,0.0,10030.843236077031,13.439871667726038,0,117395.4,1003.0294848972516,,117514.7
813,2025-07-12 21:45:00,2,0.0,10030.843236077031,13.439871667726038,0,117395.4,1003.0294848972516,,117445.1
814,2025-07-12 22:00:00,2,0.0,10030.843236077031,13.439871667726038,0,117395.4,1003.0294848972516,,117406.2
815,2025-07-12 22:15:00,2,0.0,10030.843236077031,13.439871667726038,0,117395.4,1003.0294848972516,,117423.5
816,2025-07-12 22:30:00,2,0.0,10030.843236077031,13.439871667726038,0,117395.4,1003.0294848972516,,117361.0
817,2025-07-12 22:45:00,2,0.0,10030.843236077031,13.439871667726038,0,117395.4,1003.0294848972516,,117338.0
818,2025-07-12 23:00:00,2,0.0,10030.843236077031,13.439871667726038,0,117395.4,1003.0294848972516,,117207.6
819,2025-07-12 23:15:00,2,0.0,10030.843236077031,13.439871667726038,0,117395.4,1003.0294848972516,,117233.5
820,2025-07-12 23:30:00,2,0.0,10030.843236077031,13.439871667726038,0,117395.4,1003.0294848972516,,117207.8
821,2025-07-12 23:45:00,2,0.0,10030.843236077031,13.439871667726038,0,117395.4,1003.0294848972516,,117369.9
822,2025-07-13 00:00:00,2,0.0,10030.843236077031,13.439871667726038,0,117395.4,1003.0294848972516,,117275.8
823,2025-07-13 00:15:00,2,0.0,10030.843236077031,13.439871667726038,0,117395.4,1003.0294848972516,,117342.0
824,2025-07-13 00:30:00,2,0.0,10030.843236077031,13.439871667726038,0,117395.4,1003.0294848972516,,117387.0
825,2025-07-13 00:45:00,2,0.0,10030.843236077031,13.439871667726038,0,117395.4,1003.0294848972516,,117258.7
826,2025-07-13 01:00:00,2,0.0,10030.843236077031,13.439871667726038,0,117395.4,1003.0294848972516,,117278.4
827,2025-07-13 01:15:00,2,0.0,10030.843236077031,13.439871667726038,0,117395.4,1003.0294848972516,,117348.2
828,2025-07-13 01:30:00,2,0.0,10030.843236077031,13.439871667726038,0,117395.4,1003.0294848972516,,117493.9
829,2025-07-13 01:45:00,2,0.0,10030.843236077031,13.439871667726038,0,117395.4,1003.0294848972516,,117510.4
830,2025-07-13 02:00:00,2,0.0,10030.843236077031,13.439871667726038,0,117395.4,1003.0294848972516,,117422.0
831,2025-07-13 02:15:00,2,0.0,10030.843236077031,13.439871667726038,0,117395.4,1003.0294848972516,,117369.8
832,2025-07-13 02:30:00,2,0.0,10030.843236077031,13.439871667726038,0,117395.4,1003.0294848972516,,117455.1
833,2025-07-13 02:45:00,2,0.0,10030.843236077031,13.439871667726038,0,117395.4,1003.0294848972516,,117556.9
834,2025-07-13 03:00:00,2,0.0,10030.843236077031,13.439871667726038,0,117395.4,1003.0294848972516,,117547.4
835,2025-07-13 03:15:00,2,0.0,10030.843236077031,13.439871667726038,0,117395.4,1003.0294848972516,,117717.1
836,2025-07-13 03:30:00,2,0.0,10030.843236077031,13.439871667726038,0,117395.4,1003.0294848972516,,117690.8
837,2025-07-13 03:45:00,2,0.0,10030.843236077031,13.439871667726038,0,117395.4,1003.0294848972516,,117706.6
838,2025-07-13 04:00:00,2,0.0,10030.843236077031,13.439871667726038,0,117395.4,1003.0294848972516,,117707.7
839,2025-07-13 04:15:00,2,0.0,10030.843236077031,13.439871667726038,0,117395.4,1003.0294848972516,,117721.9
840,2025-07-13 04:30:00,2,0.0,10030.843236077031,13.439871667726038,0,117395.4,1003.0294848972516,,117775.0
841,2025-07-13 04:45:00,2,0.0,10030.843236077031,13.439871667726038,0,117395.4,1003.0294848972516,,117834.9
842,2025-07-13 05:00:00,2,0.0,10030.843236077031,13.439871667726038,0,117395.4,1003.0294848972516,,117811.4
843,2025-07-13 05:15:00,2,0.0,10030.843236077031,13.439871667726038,0,117395.4,1003.0294848972516,,117788.5
844,2025-07-13 05:30:00,2,0.0,10030.843236077031,13.439871667726038,0,117395.4,1003.0294848972516,,117720.2
845,2025-07-13 05:45:00,2,0.0,10030.843236077031,13.439871667726038,0,117395.4,1003.0294848972516,,117717.0
846,2025-07-13 06:00:00,2,0.0,10030.843236077031,13.439871667726038,0,117395.4,1003.0294848972516,,117731.1
847,2025-07-13 06:15:00,2,0.0,10030.843236077031,13.439871667726038,0,117395.4,1003.0294848972516,,117793.2
848,2025-07-13 06:30:00,2,0.0,10030.843236077031,13.439871667726038,0,117395.4,1003.0294848972516,,117930.1
849,2025-07-13 06:45:00,2,0.0,10030.843236077031,13.439871667726038,0,117395.4,1003.0294848972516,,117836.5
850,2025-07-13 07:00:00,2,0.0,10030.843236077031,13.439871667726038,0,117395.4,1003.0294848972516,,117838.0
851,2025-07-13 07:15:00,2,0.0,10030.843236077031,13.439871667726038,0,117395.4,1003.0294848972516,,117944.8
852,2025-07-13 07:30:00,2,0.0,10030.843236077031,13.439871667726038,0,117395.4,1003.0294848972516,,117912.9
853,2025-07-13 07:45:00,2,0.0,10030.843236077031,13.439871667726038,0,117395.4,1003.0294848972516,,117950.8
854,2025-07-13 08:00:00,2,0.0,10030.843236077031,13.439871667726038,0,117395.4,1003.0294848972516,,117909.3
855,2025-07-13 08:15:00,2,0.0,10030.843236077031,13.439871667726038,0,117395.4,1003.0294848972516,,117800.0
856,2025-07-13 08:30:00,2,0.0,10030.843236077031,13.439871667726038,0,117395.4,1003.0294848972516,,117750.6
857,2025-07-13 08:45:00,2,0.0,10030.843236077031,13.439871667726038,0,117395.4,1003.0294848972516,,117857.8
858,2025-07-13 09:00:00,2,0.0,10030.843236077031,13.439871667726038,0,117395.4,1003.0294848972516,,117832.4
859,2025-07-13 09:15:00,2,0.0,10030.843236077031,13.439871667726038,0,117395.4,1003.0294848972516,,117826.0
860,2025-07-13 09:30:00,2,0.0,10030.843236077031,13.439871667726038,0,117395.4,1003.0294848972516,,117765.7
861,2025-07-13 09:45:00,2,0.0,10030.843236077031,13.439871667726038,0,117395.4,1003.0294848972516,,117695.5
862,2025-07-13 10:00:00,2,0.0,10030.843236077031,13.439871667726038,0,117395.4,1003.0294848972516,,117795.1
863,2025-07-13 10:15:00,2,0.0,10030.843236077031,13.439871667726038,0,117395.4,1003.0294848972516,,117750.0
864,2025-07-13 10:30:00,2,0.0,10030.843236077031,13.439871667726038,0,117395.4,1003.0294848972516,,117733.1
865,2025-07-13 10:45:00,2,0.0,10030.843236077031,13.439871667726038,0,117395.4,1003.0294848972516,,117715.3
866,2025-07-13 11:00:00,2,0.0,10030.843236077031,13.439871667726038,0,117395.4,1003.0294848972516,,117854.4
867,2025-07-13 11:15:00,2,0.0,10030.843236077031,13.439871667726038,0,117395.4,1003.0294848972516,,118011.9
868,2025-07-13 11:30:00,2,0.0,10030.843236077031,13.439871667726038,0,117395.4,1003.0294848972516,,117951.1
869,2025-07-13 11:45:00,2,0.0,10030.843236077031,13.439871667726038,0,117395.4,1003.0294848972516,,118029.9
870,2025-07-13 12:00:00,2,0.0,10030.843236077031,13.439871667726038,0,117395.4,1003.0294848972516,,117990.2
871,2025-07-13 12:15:00,2,0.0,10030.843236077031,13.439871667726038,0,117395.4,1003.0294848972516,,118137.1
872,2025-07-13 12:30:00,0,0.2598766270557462,10030.442002347589,13.439871667726038,1,118087.9,1003.0843236077033,-0.4012337327003479,118087.9
873,2025-07-13 12:45:00,1,-0.4039794141111997,10032.402208206477,13.439871667726038,0,118087.9,1003.0843236077033,1.56,118365.9
874,2025-07-13 13:00:00,2,0.0,10032.402208206477,13.439871667726038,0,118087.9,1003.0843236077033,,118113.7
875,2025-07-13 13:15:00,2,0.0,10032.402208206477,13.439871667726038,0,118087.9,1003.0843236077033,,118255.5
876,2025-07-13 13:30:00,2,0.0,10032.402208206477,13.439871667726038,0,118087.9,1003.0843236077033,,118553.9
877,2025-07-13 13:45:00,2,0.0,10032.402208206477,13.439871667726038,0,118087.9,1003.0843236077033,,118556.2
878,2025-07-13 14:00:00,2,0.0,10032.402208206477,13.439871667726038,0,118087.9,1003.0843236077033,,118582.4
879,2025-07-13 14:15:00,2,0.0,10032.402208206477,13.439871667726038,0,118087.9,1003.0843236077033,,119110.4
880,2025-07-13 14:30:00,2,0.0,10032.402208206477,13.439871667726038,0,118087.9,1003.0843236077033,,118699.9
881,2025-07-13 14:45:00,2,0.0,10032.402208206477,13.439871667726038,0,118087.9,1003.0843236077033,,118700.0
882,2025-07-13 15:00:00,2,0.0,10032.402208206477,13.439871667726038,0,118087.9,1003.0843236077033,,118943.3
883,2025-07-13 15:15:00,2,0.0,10032.402208206477,13.439871667726038,0,118087.9,1003.0843236077033,,118852.2
884,2025-07-13 15:30:00,2,0.0,10032.402208206477,13.439871667726038,0,118087.9,1003.0843236077033,,118536.0
885,2025-07-13 15:45:00,2,0.0,10032.402208206477,13.439871667726038,0,118087.9,1003.0843236077033,,118623.0
886,2025-07-13 16:00:00,2,0.0,10032.402208206477,13.439871667726038,0,118087.9,1003.0843236077033,,118722.3
887,2025-07-13 16:15:00,2,0.0,10032.402208206477,13.439871667726038,0,118087.9,1003.0843236077033,,118754.0
888,2025-07-13 16:30:00,2,0.0,10032.402208206477,13.439871667726038,0,118087.9,1003.0843236077033,,118789.6
889,2025-07-13 16:45:00,0,0.3098703911671691,10032.000912118148,13.439871667726038,1,118461.6,1003.2402208206476,-0.4012960791587829,118461.6
890,2025-07-13 17:00:00,2,0.0716469494598641,10032.717381612749,13.439871667726038,1,118461.6,1003.2402208206476,0.3151734173297882,118546.2
891,2025-07-13 17:15:00,1,-0.3905018164172361,10032.812363448576,13.439871667726038,0,118461.6,1003.2402208206476,0.41,118604.8
892,2025-07-13 17:30:00,2,0.0,10032.812363448576,13.439871667726038,0,118461.6,1003.2402208206476,,118689.9
893,2025-07-13 17:45:00,0,0.3098687505462294,10032.411050954037,13.439871667726038,1,118631.9,1003.2812363448576,-0.4013124704360962,118631.9
894,2025-07-13 18:00:00,1,-0.574588763986867,10032.665163314168,13.439871667726038,0,118631.9,1003.2812363448576,-0.15,118709.4
895,2025-07-13 18:15:00,2,0.0,10032.665163314168,13.439871667726038,0,118631.9,1003.2812363448576,,118957.5
896,2025-07-13 18:30:00,2,0.0,10032.665163314168,13.439871667726038,0,118631.9,1003.2812363448576,,118842.0
897,2025-07-13 18:45:00,2,0.0,10032.665163314168,13.439871667726038,0,118631.9,1003.2812363448576,,118939.4
898,2025-07-13 19:00:00,2,0.0,10032.665163314168,13.439871667726038,0,118631.9,1003.2812363448576,,119023.5
899,2025-07-13 19:15:00,2,0.0,10032.665163314168,13.439871667726038,0,118631.9,1003.2812363448576,,119196.2
900,2025-07-13 19:30:00,2,0.0,10032.665163314168,13.439871667726038,0,118631.9,1003.2812363448576,,119031.1
901,2025-07-13 19:45:00,0,0.4098693393467328,10032.263856707636,13.439871667726038,1,118918.6,1003.2665163314168,-0.4013065993785858,118918.6
902,2025-07-13 20:00:00,2,-0.0032059011475212,10032.23179769616,13.439871667726038,1,118918.6,1003.2665163314168,-0.4333656132221222,118914.8
903,2025-07-13 20:15:00,2,0.259003066394871,10034.821828360107,13.439871667726038,1,118918.6,1003.2665163314168,2.156665086746216,119221.8
904,2025-07-13 20:30:00,2,-0.1794460984436227,10033.027367375673,13.439871667726038,1,118918.6,1003.2665163314168,0.3622040450572967,119009.1
905,2025-07-13 20:45:00,2,0.0077616554099222,10033.104983929772,13.439871667726038,1,118918.6,1003.2665163314168,0.4398206174373626,119018.3
906,2025-07-13 21:00:00,2,-0.1494962324597509,10031.610021605176,13.439871667726038,1,118918.6,1003.2665163314168,-1.0551416873931885,118841.1
907,2025-07-13 21:15:00,2,0.0429422022132712,10032.039443627307,13.439871667726038,1,118918.6,1003.2665163314168,-0.6257196664810181,118892.0
908,2025-07-13 21:30:00,2,-0.2039965519683391,10029.999478107624,13.439871667726038,1,118918.6,1003.2665163314168,-2.665685176849365,118650.2
909,2025-07-13 21:45:00,2,-0.0431952996723339,10029.5675251109,13.439871667726038,1,118918.6,1003.2665163314168,-3.0976381301879883,118599.0
910,2025-07-13 22:00:00,2,-0.2497576668218607,10027.450786695315,14.709332509837624,1,118918.6,1003.2665163314168,-5.214376926422119,118348.1
911,2025-07-13 22:15:00,2,0.0136672627870211,10027.587459323186,14.709332509837624,1,118918.6,1003.2665163314168,-5.077703952789307,118364.3
912,2025-07-13 22:30:00,2,0.2915682727883905,10030.50314205107,14.709332509837624,1,118918.6,1003.2665163314168,-2.1620211601257324,118709.9
913,2025-07-13 22:45:00,2,-0.2068649898370495,10028.4344921527,14.709332509837624,1,118918.6,1003.2665163314168,-4.230670928955078,118464.7
914,2025-07-13 23:00:00,2,0.0503663943445644,10028.938156096145,14.709332509837624,1,118918.6,1003.2665163314168,-3.727007150650024,118524.4
915,2025-07-13 23:15:00,2,0.0692643379512446,10029.630799475655,14.709332509837624,1,118918.6,1003.2665163314168,-3.034363985061645,118606.5
916,2025-07-13 23:30:00,2,0.0366991315575433,10029.997790791233,14.709332509837624,1,118918.6,1003.2665163314168,-2.667372465133667,118650.0
917,2025-07-13 23:45:00,2,0.3376320103296166,10033.374110894529,14.709332509837624,1,118918.6,1003.2665163314168,0.7089475989341736,119050.2
918,2025-07-14 00:00:00,2,0.0477510539347349,10033.851621433876,14.709332509837624,1,118918.6,1003.2665163314168,1.1864581108093262,119106.8
919,2025-07-14 00:15:00,1,0.0962310076254652,10033.81393151013,14.709332509837624,0,118918.6,1003.2665163314168,1.15,119149.9
920,2025-07-14 00:30:00,2,0.0,10033.81393151013,14.709332509837624,0,118918.6,1003.2665163314168,,119338.4
921,2025-07-14 00:45:00,2,0.0,10033.81393151013,14.709332509837624,0,118918.6,1003.2665163314168,,119033.9
922,2025-07-14 01:00:00,2,0.0,10033.81393151013,14.709332509837624,0,118918.6,1003.2665163314168,,118932.3
923,2025-07-14 01:15:00,2,0.0,10033.81393151013,14.709332509837624,0,118918.6,1003.2665163314168,,118879.2
924,2025-07-14 01:30:00,2,0.0,10033.81393151013,14.709332509837624,0,118918.6,1003.2665163314168,,119121.3
925,2025-07-14 01:45:00,2,0.0,10033.81393151013,14.709332509837624,0,118918.6,1003.2665163314168,,119054.9
926,2025-07-14 02:00:00,2,0.0,10033.81393151013,14.709332509837624,0,118918.6,1003.2665163314168,,119120.0
927,2025-07-14 02:15:00,2,0.0,10033.81393151013,14.709332509837624,0,118918.6,1003.2665163314168,,119802.8
928,2025-07-14 02:30:00,2,0.0,10033.81393151013,14.709332509837624,0,118918.6,1003.2665163314168,,119721.0
929,2025-07-14 02:45:00,2,0.0,10033.81393151013,14.709332509837624,0,118918.6,1003.2665163314168,,119615.0
930,2025-07-14 03:00:00,2,0.0,10033.81393151013,14.709332509837624,0,118918.6,1003.2665163314168,,119840.3
931,2025-07-14 03:15:00,2,0.0,10033.81393151013,14.709332509837624,0,118918.6,1003.2665163314168,,119884.8
932,2025-07-14 03:30:00,2,0.0,10033.81393151013,14.709332509837624,0,118918.6,1003.2665163314168,,121149.2
933,2025-07-14 03:45:00,2,0.0,10033.81393151013,14.709332509837624,0,118918.6,1003.2665163314168,,120725.0
934,2025-07-14 04:00:00,2,0.0,10033.81393151013,14.709332509837624,0,118918.6,1003.2665163314168,,120795.4
935,2025-07-14 04:15:00,2,0.0,10033.81393151013,14.709332509837624,0,118918.6,1003.2665163314168,,120929.9
936,2025-07-14 04:30:00,2,0.0,10033.81393151013,14.709332509837624,0,118918.6,1003.2665163314168,,121208.6
937,2025-07-14 04:45:00,2,0.0,10033.81393151013,14.709332509837624,0,118918.6,1003.2665163314168,,121385.5
938,2025-07-14 05:00:00,2,0.0,10033.81393151013,14.709332509837624,0,118918.6,1003.2665163314168,,121453.2
939,2025-07-14 05:15:00,2,0.0,10033.81393151013,14.709332509837624,0,118918.6,1003.2665163314168,,122300.1
940,2025-07-14 05:30:00,2,0.0,10033.81393151013,14.709332509837624,0,118918.6,1003.2665163314168,,122279.9
941,2025-07-14 05:45:00,2,0.0,10033.81393151013,14.709332509837624,0,118918.6,1003.2665163314168,,122446.2
942,2025-07-14 06:00:00,2,0.0,10033.81393151013,14.709332509837624,0,118918.6,1003.2665163314168,,122120.3
943,2025-07-14 06:15:00,2,0.0,10033.81393151013,14.709332509837624,0,118918.6,1003.2665163314168,,122405.9
944,2025-07-14 06:30:00,2,0.0,10033.81393151013,14.709332509837624,0,118918.6,1003.2665163314168,,122119.5
945,2025-07-14 06:45:00,2,0.0,10033.81393151013,14.709332509837624,0,118918.6,1003.2665163314168,,122120.0
946,2025-07-14 07:00:00,2,0.0,10033.81393151013,14.709332509837624,0,118918.6,1003.2665163314168,,122209.2
947,2025-07-14 07:15:00,2,0.0,10033.81393151013,14.709332509837624,0,118918.6,1003.2665163314168,,122298.3
948,2025-07-14 07:30:00,2,0.0,10033.81393151013,14.709332509837624,0,118918.6,1003.2665163314168,,122850.1
949,2025-07-14 07:45:00,2,0.0,10033.81393151013,14.709332509837624,0,118918.6,1003.2665163314168,,122741.2
950,2025-07-14 08:00:00,2,0.0,10033.81393151013,14.709332509837624,0,118918.6,1003.2665163314168,,122372.0
951,2025-07-14 08:15:00,2,0.0,10033.81393151013,14.709332509837624,0,118918.6,1003.2665163314168,,122421.9
952,2025-07-14 08:30:00,2,0.0,10033.81393151013,14.709332509837624,0,118918.6,1003.2665163314168,,122641.1
953,2025-07-14 08:45:00,2,0.0,10033.81393151013,14.709332509837624,0,118918.6,1003.2665163314168,,122556.8
954,2025-07-14 09:00:00,2,0.0,10033.81393151013,14.709332509837624,0,118918.6,1003.2665163314168,,122257.6
955,2025-07-14 09:15:00,2,0.0,10033.81393151013,14.709332509837624,0,118918.6,1003.2665163314168,,122000.0
956,2025-07-14 09:30:00,2,0.0,10033.81393151013,14.709332509837624,0,118918.6,1003.2665163314168,,121993.7
957,2025-07-14 09:45:00,2,0.0,10033.81393151013,14.709332509837624,0,118918.6,1003.2665163314168,,121990.2
958,2025-07-14 10:00:00,2,0.0,10033.81393151013,14.709332509837624,0,118918.6,1003.2665163314168,,121812.0
959,2025-07-14 10:15:00,2,0.0,10033.81393151013,14.709332509837624,0,118918.6,1003.2665163314168,,121923.5
960,2025-07-14 10:30:00,2,0.0,10033.81393151013,14.709332509837624,0,118918.6,1003.2665163314168,,122025.2
961,2025-07-14 10:45:00,2,0.0,10033.81393151013,14.709332509837624,0,118918.6,1003.2665163314168,,122058.8
962,2025-07-14 11:00:00,2,0.0,10033.81393151013,14.709332509837624,0,118918.6,1003.2665163314168,,121888.8
963,2025-07-14 11:15:00,2,0.0,10033.81393151013,14.709332509837624,0,118918.6,1003.2665163314168,,121685.1
964,2025-07-14 11:30:00,2,0.0,10033.81393151013,14.709332509837624,0,118918.6,1003.2665163314168,,121531.2
965,2025-07-14 11:45:00,2,0.0,10033.81393151013,14.709332509837624,0,118918.6,1003.2665163314168,,121605.5
966,2025-07-14 12:00:00,2,0.0,10033.81393151013,14.709332509837624,0,118918.6,1003.2665163314168,,121463.7
967,2025-07-14 12:15:00,2,0.0,10033.81393151013,14.709332509837624,0,118918.6,1003.2665163314168,,121806.8
968,2025-07-14 12:30:00,2,0.0,10033.81393151013,14.709332509837624,0,118918.6,1003.2665163314168,,121800.0
969,2025-07-14 12:45:00,2,0.0,10033.81393151013,14.709332509837624,0,118918.6,1003.2665163314168,,121859.0
970,2025-07-14 13:00:00,0,0.3098647442739093,10033.41257895287,14.709332509837624,1,121888.5,1003.3813931510132,-0.4013525545597076,121888.5
971,2025-07-14 13:15:00,2,-0.0137473750728531,10033.27510520214,14.709332509837624,1,121888.5,1003.3813931510132,-0.5388263463973999,121871.8
972,2025-07-14 13:30:00,2,-0.1314644191093975,10031.960461011047,14.709332509837624,1,121888.5,1003.3813931510132,-1.8534704446792605,121712.1
973,2025-07-14 13:45:00,2,0.0395957329941666,10032.356418340987,14.709332509837624,1,121888.5,1003.3813931510132,-1.4575130939483645,121760.2
974,2025-07-14 14:00:00,2,-0.0265069148110342,10032.09134919288,14.709332509837624,1,121888.5,1003.3813931510132,-1.722582221031189,121728.0
975,2025-07-14 14:15:00,2,0.0138296946839545,10032.229646139718,14.709332509837624,1,121888.5,1003.3813931510132,-1.5842852592468262,121744.8
976,2025-07-14 14:30:00,2,-0.2821093076317993,10029.4085530634,14.709332509837624,1,121888.5,1003.3813931510132,-4.405378341674805,121402.1
977,2025-07-14 14:45:00,2,-0.4785918072374807,10025.275285384325,16.884833820829954,1,121888.5,1003.3813931510132,-8.53864574432373,120900.0
978,2025-07-14 15:00:00,2,0.2058813476473005,10027.334098860796,16.884833820829954,1,121888.5,1003.3813931510132,-6.479832649230957,121150.1
979,2025-07-14 15:15:00,2,-0.3718623797390319,10023.998508214388,18.16161099076635,1,121888.5,1003.3813931510132,-9.815423011779783,120744.9
980,2025-07-14 15:30:00,2,-0.3469442334242558,10021.329706418815,20.830412786337547,1,121888.5,1003.3813931510132,-12.484224319458008,120420.7
981,2025-07-14 15:45:00,2,-0.3217955921982502,10018.854355709598,23.305763495554856,1,121888.5,1003.3813931510132,-14.959574699401855,120120.0
982,2025-07-14 16:00:00,2,-0.2835910606338257,10016.672886012417,25.48723319273813,1,121888.5,1003.3813931510132,-17.14104652404785,119855.0
983,2025-07-14 16:15:00,2,-0.4944115849539775,10012.869719974307,29.29039923084565,1,121888.5,1003.3813931510132,-20.944210052490234,119393.0
984,2025-07-14 16:30:00,1,0.5909908758294478,10017.779628732602,29.29039923084565,0,121888.5,1003.3813931510132,-16.03,120038.2
985,2025-07-14 16:45:00,2,0.0,10017.779628732602,29.29039923084565,0,121888.5,1003.3813931510132,,119814.8
986,2025-07-14 17:00:00,2,0.0,10017.779628732602,29.29039923084565,0,121888.5,1003.3813931510132,,120287.7
987,2025-07-14 17:15:00,2,0.0,10017.779628732602,29.29039923084565,0,121888.5,1003.3813931510132,,120493.2
988,2025-07-14 17:30:00,2,0.0,10017.779628732602,29.29039923084565,0,121888.5,1003.3813931510132,,120178.6
989,2025-07-14 17:45:00,2,0.0,10017.779628732602,29.29039923084565,0,121888.5,1003.3813931510132,,119945.6
990,2025-07-14 18:00:00,0,0.1099288814850297,10017.378917547452,29.29039923084565,1,119927.9,1001.7779628732602,-0.400711178779602,119927.9
991,2025-07-14 18:15:00,2,-0.0960614383562642,10016.41830316389,29.29039923084565,1,119927.9,1001.7779628732602,-1.36132550239563,119812.9
992,2025-07-14 18:30:00,2,0.2582799716499721,10019.00110288039,29.29039923084565,1,119927.9,1001.7779628732602,1.2214741706848145,120122.1
993,2025-07-14 18:45:00,1,-0.6339481606233676,10016.661621274156,29.29039923084565,0,119927.9,1001.7779628732602,-1.12,119890.0
994,2025-07-14 19:00:00,2,0.0,10016.661621274156,29.29039923084565,0,119927.9,1001.7779628732602,,119623.5
995,2025-07-14 19:15:00,2,0.0,10016.661621274156,29.29039923084565,0,119927.9,1001.7779628732602,,119810.4
996,2025-07-14 19:30:00,0,0.1099333535148616,10016.260954809304,29.29039923084565,1,119812.3,1001.6661621274156,-0.4006664454936981,119812.3
997,2025-07-14 19:45:00,2,0.0012540442368845,10016.273495251671,29.29039923084565,1,119812.3,1001.6661621274156,-0.388126015663147,119813.8
998,2025-07-14 20:00:00,2,0.1138672167062395,10017.412167418735,29.29039923084565,1,119812.3,1001.6661621274156,0.7505461573600769,119950.0
999,2025-07-14 20:15:00,2,-0.181585605496366,10015.596311363772,29.29039923084565,1,119812.3,1001.6661621274156,-1.0653098821640017,119732.8
1000,2025-07-14 20:30:00,1,-0.0204416991375183,10017.391894372397,29.29039923084565,0,119812.3,1001.6661621274156,0.73,119995.5
1001,2025-07-14 20:45:00,2,0.0,10017.391894372397,29.29039923084565,0,119812.3,1001.6661621274156,,120251.7
1002,2025-07-14 21:00:00,2,0.0,10017.391894372397,29.29039923084565,0,119812.3,1001.6661621274156,,120143.9
1003,2025-07-14 21:15:00,0,0.1099304324225158,10016.991198696622,29.29039923084565,1,119816.7,1001.7391894372396,-0.4006956815719604,119816.7
1004,2025-07-14 21:30:00,2,0.1246565071021905,10018.237763767644,29.29039923084565,1,119816.7,1001.7391894372396,0.8458693623542786,119965.8
1005,2025-07-14 21:45:00,2,0.0480734349992417,10018.718498117636,29.29039923084565,1,119816.7,1001.7391894372396,1.326603651046753,120023.3
1006,2025-07-14 22:00:00,2,-0.0143802275128109,10018.574695842508,29.29039923084565,1,119816.7,1001.7391894372396,1.182801365852356,120006.1
1007,2025-07-14 22:15:00,2,0.1814249633880535,10020.388945476388,29.29039923084565,1,119816.7,1001.7391894372396,2.9970510005950928,120223.1
1008,2025-07-14 22:30:00,2,0.0476554051296261,10020.865499527685,29.29039923084565,1,119816.7,1001.7391894372396,3.473605155944824,120280.1
1009,2025-07-14 22:45:00,2,-0.1031697718068244,10019.833801809616,29.29039923084565,1,119816.7,1001.7391894372396,2.4419074058532715,120156.7
1010,2025-07-14 23:00:00,2,-0.0882043024766972,10018.95175878485,29.29039923084565,1,119816.7,1001.7391894372396,1.559864521026611,120051.2
1011,2025-07-14 23:15:00,2,-0.1038386195981729,10017.913372588868,29.29039923084565,1,119816.7,1001.7391894372396,0.5214781761169434,119927.0
1012,2025-07-14 23:30:00,2,-0.0938059027288545,10016.97531356158,29.29039923084565,1,119816.7,1001.7391894372396,-0.4165807962417602,119814.8
1013,2025-07-14 23:45:00,2,0.0043475106433106,10017.018788668012,29.29039923084565,1,119816.7,1001.7391894372396,-0.3731056749820709,119820.0
1014,2025-07-15 00:00:00,2,0.0181424963388053,10017.2002136314,29.29039923084565,1,119816.7,1001.7391894372396,-0.1916807293891906,119841.7
1015,2025-07-15 00:15:00,2,-0.1805889036490043,10015.39432459491,29.29039923084565,1,119816.7,1001.7391894372396,-1.997569680213928,119625.7
1016,2025-07-15 00:30:00,2,0.2107706602311737,10017.502031197222,29.29039923084565,1,119816.7,1001.7391894372396,0.1101368218660354,119877.8
1017,2025-07-15 00:45:00,2,-0.4077463347668527,10013.424567849554,29.29039923084565,1,119816.7,1001.7391894372396,-3.9673261642456055,119390.1
1018,2025-07-15 01:00:00,2,0.075078164572551,10014.17534949528,29.29039923084565,1,119816.7,1001.7391894372396,-3.2165446281433105,119479.9
1019,2025-07-15 01:15:00,2,-0.2384196689521559,10012.040052921577,30.120066283576307,1,119816.7,1001.7391894372396,-5.351841449737549,119224.5
1020,2025-07-15 01:30:00,2,-0.2132453970587812,10010.399703713432,31.76041549172077,1,119816.7,1001.7391894372396,-6.992190361022949,119028.3
1021,2025-07-15 01:45:00,2,0.2015740031009045,10012.41544374444,31.76041549172077,1,119816.7,1001.7391894372396,-4.976450443267822,119269.4
1022,2025-07-15 02:00:00,2,-1.0241230168325093,10004.072403607805,38.087715597348506,1,119816.7,1001.7391894372396,-13.319490432739258,118271.5
1023,2025-07-15 02:15:00,2,0.023827702564813,10004.310680633453,38.087715597348506,1,119816.7,1001.7391894372396,-13.081212997436523,118300.0
1024,2025-07-15 02:30:00,1,-0.3613249589530096,10000.707040097126,41.45307910802694,0,119816.7,1001.7391894372396,-16.68,117916.9
1025,2025-07-15 02:45:00,2,0.0,10000.707040097126,41.45307910802694,0,119816.7,1001.7391894372396,,118280.6
1026,2025-07-15 03:00:00,2,0.0,10000.707040097126,41.45307910802694,0,119816.7,1001.7391894372396,,118250.0
1027,2025-07-15 03:15:00,2,0.0,10000.707040097126,41.45307910802694,0,119816.7,1001.7391894372396,,117547.5
1028,2025-07-15 03:30:00,2,0.0,10000.707040097126,41.45307910802694,0,119816.7,1001.7391894372396,,117501.9
1029,2025-07-15 03:45:00,2,0.0,10000.707040097126,41.45307910802694,0,119816.7,1001.7391894372396,,117275.9
1030,2025-07-15 04:00:00,2,0.0,10000.707040097126,41.45307910802694,0,119816.7,1001.7391894372396,,117190.1
1031,2025-07-15 04:15:00,2,0.0,10000.707040097126,41.45307910802694,0,119816.7,1001.7391894372396,,117082.7
1032,2025-07-15 04:30:00,2,0.0,10000.707040097126,41.45307910802694,0,119816.7,1001.7391894372396,,117328.1
1033,2025-07-15 04:45:00,2,0.0,10000.707040097126,41.45307910802694,0,119816.7,1001.7391894372396,,117525.9
1034,2025-07-15 05:00:00,2,0.0,10000.707040097126,41.45307910802694,0,119816.7,1001.7391894372396,,117515.3
1035,2025-07-15 05:15:00,2,0.0,10000.707040097126,41.45307910802694,0,119816.7,1001.7391894372396,,117689.0
1036,2025-07-15 05:30:00,2,0.0,10000.707040097126,41.45307910802694,0,119816.7,1001.7391894372396,,117556.8
1037,2025-07-15 05:45:00,2,0.0,10000.707040097126,41.45307910802694,0,119816.7,1001.7391894372396,,117161.1
1038,2025-07-15 06:00:00,2,0.0,10000.707040097126,41.45307910802694,0,119816.7,1001.7391894372396,,117332.9
1039,2025-07-15 06:15:00,2,0.0,10000.707040097126,41.45307910802694,0,119816.7,1001.7391894372396,,117161.9
1040,2025-07-15 06:30:00,2,0.0,10000.707040097126,41.45307910802694,0,119816.7,1001.7391894372396,,117069.3
1041,2025-07-15 06:45:00,2,0.0,10000.707040097126,41.45307910802694,0,119816.7,1001.7391894372396,,116999.0
1042,2025-07-15 07:00:00,2,0.0,10000.707040097126,41.45307910802694,0,119816.7,1001.7391894372396,,117109.4
1043,2025-07-15 07:15:00,2,0.0,10000.707040097126,41.45307910802694,0,119816.7,1001.7391894372396,,117052.0
1044,2025-07-15 07:30:00,2,0.0,10000.707040097126,41.45307910802694,0,119816.7,1001.7391894372396,,117004.6
1045,2025-07-15 07:45:00,2,0.0,10000.707040097126,41.45307910802694,0,119816.7,1001.7391894372396,,116828.2
1046,2025-07-15 08:00:00,2,0.0,10000.707040097126,41.45307910802694,0,119816.7,1001.7391894372396,,116839.9
1047,2025-07-15 08:15:00,2,0.0,10000.707040097126,41.45307910802694,0,119816.7,1001.7391894372396,,116809.7
1048,2025-07-15 08:30:00,2,0.0,10000.707040097126,41.45307910802694,0,119816.7,1001.7391894372396,,116882.7
1049,2025-07-15 08:45:00,2,0.0,10000.707040097126,41.45307910802694,0,119816.7,1001.7391894372396,,116851.1
1050,2025-07-15 09:00:00,2,0.0,10000.707040097126,41.45307910802694,0,119816.7,1001.7391894372396,,116793.7
1051,2025-07-15 09:15:00,2,0.0,10000.707040097126,41.45307910802694,0,119816.7,1001.7391894372396,,117150.0
1052,2025-07-15 09:30:00,2,0.0,10000.707040097126,41.45307910802694,0,119816.7,1001.7391894372396,,116971.6
1053,2025-07-15 09:45:00,2,0.0,10000.707040097126,41.45307910802694,0,119816.7,1001.7391894372396,,116876.6
1054,2025-07-15 10:00:00,2,0.0,10000.707040097126,41.45307910802694,0,119816.7,1001.7391894372396,,116807.9
1055,2025-07-15 10:15:00,2,0.0,10000.707040097126,41.45307910802694,0,119816.7,1001.7391894372396,,116760.1
1056,2025-07-15 10:30:00,2,0.0,10000.707040097126,41.45307910802694,0,119816.7,1001.7391894372396,,117047.8
1057,2025-07-15 10:45:00,2,0.0,10000.707040097126,41.45307910802694,0,119816.7,1001.7391894372396,,117180.6
1058,2025-07-15 11:00:00,2,0.0,10000.707040097126,41.45307910802694,0,119816.7,1001.7391894372396,,117079.7
1059,2025-07-15 11:15:00,2,0.0,10000.707040097126,41.45307910802694,0,119816.7,1001.7391894372396,,116837.2
1060,2025-07-15 11:30:00,2,0.0,10000.707040097126,41.45307910802694,0,119816.7,1001.7391894372396,,116519.9
1061,2025-07-15 11:45:00,2,0.0,10000.707040097126,41.45307910802694,0,119816.7,1001.7391894372396,,116696.0
1062,2025-07-15 12:00:00,2,0.0,10000.707040097126,41.45307910802694,0,119816.7,1001.7391894372396,,117164.7
1063,2025-07-15 12:15:00,2,0.0,10000.707040097126,41.45307910802694,0,119816.7,1001.7391894372396,,117093.3
1064,2025-07-15 12:30:00,2,0.0,10000.707040097126,41.45307910802694,0,119816.7,1001.7391894372396,,117235.9
1065,2025-07-15 12:45:00,2,0.0,10000.707040097126,41.45307910802694,0,119816.7,1001.7391894372396,,116655.4
1066,2025-07-15 13:00:00,2,0.0,10000.707040097126,41.45307910802694,0,119816.7,1001.7391894372396,,117184.9
1067,2025-07-15 13:15:00,2,0.0,10000.707040097126,41.45307910802694,0,119816.7,1001.7391894372396,,118054.3
1068,2025-07-15 13:30:00,2,0.0,10000.707040097126,41.45307910802694,0,119816.7,1001.7391894372396,,117771.5
1069,2025-07-15 13:45:00,2,0.0,10000.707040097126,41.45307910802694,0,119816.7,1001.7391894372396,,118274.9
1070,2025-07-15 14:00:00,0,0.4979963233915805,10000.307011815525,41.85310738963017,1,118192.0,1000.0707040097128,-0.400028258562088,118192.0
1071,2025-07-15 14:15:00,2,0.1726973320430261,10002.033985135951,41.85310738963017,1,118192.0,1000.0707040097128,1.3269450664520264,118396.1
1072,2025-07-15 14:30:00,2,-0.8378570561607376,9995.19039855308,46.9697206520741,1,118192.0,1000.0707040097128,-5.516641616821289,117587.3
1073,2025-07-15 14:45:00,2,-0.7300587215095765,9989.574562233774,52.58555697137854,1,118192.0,1000.0707040097128,-11.13247776031494,116923.6
1074,2025-07-15 15:00:00,2,-0.9987845700326214,9981.891604002754,60.2685152023987,1,118192.0,1000.0707040097128,-18.8154354095459,116015.6
1075,2025-07-15 15:15:00,2,0.1275134146932032,9983.166738149686,60.2685152023987,1,118192.0,1000.0707040097128,-17.540300369262695,116166.3
1076,2025-07-15 15:30:00,2,0.1554360602465749,9984.721098752152,60.2685152023987,1,118192.0,1000.0707040097128,-15.985941886901855,116350.0
1077,2025-07-15 15:45:00,2,-0.0010999830066793,9984.710098922083,60.2685152023987,1,118192.0,1000.0707040097128,-15.996940612792969,116348.7
1078,2025-07-15 16:00:00,2,0.0778449512394217,9985.48854843448,60.2685152023987,1,118192.0,1000.0707040097128,-15.21849250793457,116440.7
1079,2025-07-15 16:15:00,2,0.3564791082300871,9989.05333951678,60.2685152023987,1,118192.0,1000.0707040097128,-11.65369987487793,116862.0
1080,2025-07-15 16:30:00,2,0.0527991843189738,9989.58133135997,60.2685152023987,1,118192.0,1000.0707040097128,-11.125707626342772,116924.4
1081,2025-07-15 16:45:00,2,0.6674358428006599,9996.255689787977,60.2685152023987,1,118192.0,1000.0707040097128,-4.451350212097168,117713.2
1082,2025-07-15 17:00:00,2,-0.3644328315089297,9992.611361472887,60.2685152023987,1,118192.0,1000.0707040097128,-8.095678329467773,117282.5
1083,2025-07-15 17:15:00,2,0.0,9992.611361472887,60.2685152023987,1,118192.0,1000.0707040097128,-8.095678329467773,117282.5
1084,2025-07-15 17:30:00,2,0.200450749441552,9994.615868967305,60.2685152023987,1,118192.0,1000.0707040097128,-6.0911712646484375,117519.4
1085,2025-07-15 17:45:00,2,0.0079537232788425,9994.695406200091,60.2685152023987,1,118192.0,1000.0707040097128,-6.01163387298584,117528.8
1086,2025-07-15 18:00:00,2,-0.0885909390735832,9993.809496809356,60.2685152023987,1,118192.0,1000.0707040097128,-6.897542953491211,117424.1
1087,2025-07-15 18:15:00,2,-0.200450749441552,9991.80498931494,60.2685152023987,1,118192.0,1000.0707040097128,-8.902050971984863,117187.2
1088,2025-07-15 18:30:00,2,-0.2777880162162546,9989.027109152776,60.2685152023987,1,118192.0,1000.0707040097128,-11.679929733276367,116858.9
1089,2025-07-15 18:45:00,2,-0.4219704041641307,9984.807405111136,60.2685152023987,1,118192.0,1000.0707040097128,-15.899633407592772,116360.2
1090,2025-07-15 19:00:00,2,0.2938646909287854,9987.746052020424,60.2685152023987,1,118192.0,1000.0707040097128,-12.96098804473877,116707.5
1091,2025-07-15 19:15:00,2,0.3168797199909022,9990.914849220331,60.2685152023987,1,118192.0,1000.0707040097128,-9.792190551757812,117082.0
1092,2025-07-15 19:30:00,2,-0.1751511402886535,9989.163337817448,60.2685152023987,1,118192.0,1000.0707040097128,-11.543702125549316,116875.0
1093,2025-07-15 19:45:00,2,-0.3286410767543202,9985.876927049903,60.2685152023987,1,118192.0,1000.0707040097128,-14.830111503601074,116486.6
1094,2025-07-15 20:00:00,2,-0.0032999490198562,9985.843927559705,60.2685152023987,1,118192.0,1000.0707040097128,-14.863112449645996,116482.7
1095,2025-07-15 20:15:00,2,0.1181212520979897,9987.025140080685,60.2685152023987,1,118192.0,1000.0707040097128,-13.681900024414062,116622.3
1096,2025-07-15 20:30:00,2,-0.0835987085049055,9986.189152995636,60.2685152023987,1,118192.0,1000.0707040097128,-14.5178861618042,116523.5
1097,2025-07-15 20:45:00,2,0.047806953750296,9986.66722253314,60.2685152023987,1,118192.0,1000.0707040097128,-14.039816856384276,116580.0
1098,2025-07-15 21:00:00,2,-0.1801433708573313,9984.865788824563,60.2685152023987,1,118192.0,1000.0707040097128,-15.8412504196167,116367.1
1099,2025-07-15 21:15:00,2,0.518261224284106,9990.048401067406,60.2685152023987,1,118192.0,1000.0707040097128,-10.658638954162598,116979.6
1100,2025-07-15 21:30:00,1,0.2743177102167465,9991.291578169574,60.2685152023987,0,118192.0,1000.0707040097128,-9.42,117173.8
1101,2025-07-15 21:45:00,0,-0.739965166312686,9990.891926506449,60.2685152023987,1,117559.0,999.1291578169574,-0.3996516466140747,117559.0
1102,2025-07-15 22:00:00,2,0.0471692241842902,9991.36361874829,60.2685152023987,1,117559.0,999.1291578169574,0.0720405727624893,117614.5
1103,2025-07-15 22:15:00,2,-0.1310539525986314,9990.053079222303,60.2685152023987,1,117559.0,999.1291578169574,-1.2384989261627195,117460.3
1104,2025-07-15 22:30:00,2,0.0424098069694082,9990.477177291998,60.2685152023987,1,117559.0,999.1291578169574,-0.814400851726532,117510.2
1105,2025-07-15 22:45:00,2,0.1807728645766474,9992.284905937764,60.2685152023987,1,117559.0,999.1291578169574,0.993327796459198,117722.9
1106,2025-07-15 23:00:00,2,0.0885591560361717,9993.170497498126,60.2685152023987,1,117559.0,999.1291578169574,1.878919124603272,117827.1
1107,2025-07-15 23:15:00,2,0.0104537199544211,9993.27503469767,60.2685152023987,1,117559.0,999.1291578169574,1.9834564924240112,117839.4
1108,2025-07-15 23:30:00,2,-0.2035500755340763,9991.23953394233,60.2685152023987,1,117559.0,999.1291578169574,-0.0520442239940166,117599.9
1109,2025-07-15 23:45:00,2,0.16615465455925,9992.901080487922,60.2685152023987,1,117559.0,999.1291578169574,1.6095023155212402,117795.4
1110,2025-07-16 00:00:00,2,-0.3091921397883198,9989.80915909004,60.2685152023987,1,117559.0,999.1291578169574,-1.4824191331863403,117431.6
1111,2025-07-16 00:15:00,2,0.0276216177655442,9990.085375267694,60.2685152023987,1,117559.0,999.1291578169574,-1.2062028646469116,117464.1
1112,2025-07-16 00:30:00,2,0.1053021058816739,9991.13839632651,60.2685152023987,1,117559.0,999.1291578169574,-0.1531818360090255,117588.0
1113,2025-07-16 00:45:00,2,0.2562436232716208,9993.700832559229,60.2685152023987,1,117559.0,999.1291578169574,2.409254312515259,117889.5
1114,2025-07-16 01:00:00,2,0.2024452108234982,9995.725284667462,60.2685152023987,1,117559.0,999.1291578169574,4.433706283569336,118127.7
1115,2025-07-16 01:15:00,2,-0.1682793943873548,9994.042490723588,60.2685152023987,1,117559.0,999.1291578169574,2.7509124279022217,117929.7
1116,2025-07-16 01:30:00,2,-0.1844274170809512,9992.19821655278,60.2685152023987,1,117559.0,999.1291578169574,0.9066383838653564,117712.7
1117,2025-07-16 01:45:00,2,-0.0430897237143653,9991.767319315635,60.2685152023987,1,117559.0,999.1291578169574,0.4757411181926727,117662.0
1118,2025-07-16 02:00:00,2,-0.1037722932054748,9990.72959638358,60.2685152023987,1,117559.0,999.1291578169574,-0.561981737613678,117539.9
1119,2025-07-16 02:15:00,2,-0.0249019507855337,9990.480576875723,60.2685152023987,1,117559.0,999.1291578169574,-0.8110012412071228,117510.6
1120,2025-07-16 02:30:00,2,-0.1053870954749072,9989.426705920976,60.2685152023987,1,117559.0,999.1291578169574,-1.8648722171783447,117386.6
1121,2025-07-16 02:45:00,2,-0.2177433375860346,9987.249272545116,60.2685152023987,1,117559.0,999.1291578169574,-4.042305946350098,117130.4
1122,2025-07-16 03:00:00,2,0.1781381871898702,9989.030654417014,60.2685152023987,1,117559.0,999.1291578169574,-2.2609236240386963,117340.0
1123,2025-07-16 03:15:00,2,-0.0512487246543969,9988.51816717047,60.2685152023987,1,117559.0,999.1291578169574,-2.7734107971191406,117279.7
1124,2025-07-16 03:30:00,2,0.0854995306835917,9989.373162477306,60.2685152023987,1,117559.0,999.1291578169574,-1.9184156656265257,117380.3
1125,2025-07-16 03:45:00,1,0.1600675847954335,9989.97383832526,60.2685152023987,0,117559.0,999.1291578169574,-1.32,117498.0
1126,2025-07-16 04:00:00,2,0.0,9989.97383832526,60.2685152023987,0,117559.0,999.1291578169574,,117500.1
1127,2025-07-16 04:15:00,0,-0.7399598953532405,9989.574239371728,60.2685152023987,1,117308.8,998.997383832526,-0.3995989561080932,117308.8
1128,2025-07-16 04:30:00,2,0.1816454877822252,9991.39069424955,60.2685152023987,1,117308.8,998.997383832526,1.4168559312820437,117522.1
1129,2025-07-16 04:45:00,1,-0.3949104518293097,9991.441589731257,60.2685152023987,0,117308.8,998.9973838325261,1.47,117575.0
